Hepatomegaly associated with AIDS,Malaise associated with AIDS,Fatigue associated with AIDS
Sudden visual loss,Acute vomiting,Benign paroxysmal positional vertigo nystagmus
Pain in throat,Sore throat symptom,Has a sore throat
Syncope symptom
Syncope symptom
Syncope symptom
Syncope and collapse
Syncope and collapse
Syncope and collapse
Visual disturbances NOS or amblyopia or blurred vision
Menstruation absent
Angina,Ischemic chest pain,Pain finding
Anorexia symptom finding
Oliguria and anuria
Visual discomfort
Visual discomfort
Eyes tire easily
Eyes tire easily
Visual symptoms
Visual symptoms
Complete spermatogenic arrest
Complete spermatogenic arrest
Incomplete spermatogenic arrest
Incomplete spermatogenic arrest
OE  right eye preproliferative diabetic retinopathy
OE  retinopathy
OE  retinopathy
OE  referable retinopathy
OE  referable retinopathy
OE  nonreferable retinopathy
OE  nonreferable retinopathy
Hemiballism disorder
Visual alteration
Mass of musculoskeletal structure
Mass of musculoskeletal structure
Mass of musculoskeletal structure
Menopausal headache
"Breast subinvolution, postpartum",Postpartum subinvolution of breast,Peau dorange surface of breast
Smokers cough
Skin sensation disturbance,Glossodynia disorder,Glossopyrosis disorder
Syncope symptom,Syncope and collapse,Near syncope
Pain finding
Hemiplegia disorder,Thunderclap headache,Bruns nystagmus
Cerebellar ataxia
Cerebellar ataxia
Cerebellar ataxia
Cerebellar ataxia
Cerebellar ataxia
Myoclonic disorder
Myoclonic disorder
Myoclonic disorder
Pain finding
Pain of head and neck region
Trypanosomal chancre
Involuntary movement,Involuntary movement symptom,Oral choreiform movement
Chronic vomiting
Purulent nasal discharge,Purulent rhinitis,Chronic rhinitis or catarrh unspecified
Headache finding
Headache finding
Headache finding
Neuropathic pain
Neuropathic pain
Neuropathic pain
Pain finding
Pain finding
Pain finding
Constipation disorder
DComa &or Dstupor,DComa and stupor NOS,DComa and stupor
Sinus catarrh
Perineal lump finding
Perineal lump finding
Penile warts
Penile warts
Mass of urogenital structure
Mass of urogenital structure
Seizure
Corneal pigmentations and deposits
Other forms of angina pectoris
Cramp finding,Bathing cramps  immersion or immersion
Neuropathic pain,Pain finding
Cri du chat
Pain finding
Swallowing painful,Swallowing problem,Swallowing symptoms,Swallowing symptoms or dysphagia
Extrinsic staining of teeth associated with inadequate oral hygiene,Extrinsic staining of teeth associated with oral habits
Tooth sensitivity to cold,Tooth sensitivity to heat
Skin irritation
Erythema of skin
Erythema of skin
Erythema of skin
Erythema of skin
Erythematous condition
Erythematous condition
Erythematous condition
Erythematous condition
Slowness and poor responsiveness
OE  right eye background diabetic retinopathy,OE  left eye background diabetic retinopathy,OE  right eye preproliferative diabetic retinopathy,OE  left eye preproliferative diabetic retinopathy,OE  right eye proliferative diabetic retinopathy,OE  left eye proliferative diabetic retinopathy,OE  right eye diabetic maculopathy,OE  left eye diabetic maculopathy
OE  right eye background diabetic retinopathy,OE  left eye background diabetic retinopathy
Refractive diplopia,Monocular diplopia,Visual alteration
Clinical finding,Finding of vomiting,Vomiting symptom
Cry of Downs syndrome
Dry eyes,Dry eye
Diarrhea symptom
Diarrhea symptom
Loose stool
Loose stool
Motor dysfunction,Adiadochokinesia,Dysdiadochokinesis,Neonatal dyskinesia,Coordination problem
Pain in female genitalia,Pain on penetration
Difficulty breathing,Paroxysmal nocturnal dyspnea finding
Diurnal dystonia
Diurnal dystonia
Loudness recruitment,Paracusis disorder,Bleeding from ear,Deafness symptom
Seizure
Starvation disorder
Oslers node
Mass of endocrine structure,Pain of endocrine structure
Pain finding
Pain finding
Erythema of skin,Erythematous condition
Seizure
Seizure
Epileptic aura
Epileptic aura
Partial seizure
Partial seizure
Seizure,Partial seizure
Seizure
Seizure
Myoclonic disorder
Myoclonic disorder
Seizure
Seizure
Seizure
Seizure
Seizure
Seizure
Erythema of skin,Erythematous condition
Erythema of skin,Erythematous condition
Erythema of skin,Erythematous condition
Erythema of skin,Erythematous condition
Pain finding,Erythema of skin,Erythematous condition
Pain finding,Erythema of skin,Erythematous condition
Bolus impaction
Erythema of skin
Erythema of skin
Erythematous condition
Erythematous condition
Macular eruption
Macular eruption
Weal
Weal
Meningococcal rash
Meningococcal rash
Spots on skin disorder
Spots on skin disorder
Exophthalmos due to orbital edema or congestion
Athetoid movement,Hemiballism disorder
Internal ophthalmoplegia,Discharge of eye,Contact lens related disorder
Blepharospasm disorder
Failure to gain weight finding
Failure to gain weight finding
Physiological development failure
Physiological development failure
"DWeight, failure to gain, infant"
"DWeight, failure to gain, infant"
"Weight,fail to gain,infant D"
"Weight,fail to gain,infant D"
Diffuse inflammation
Spillage of feces,Spurious diarrhea  overflow,Double incontinence finding,Bowels: occasional accident,Neuromyopathic fecal incontinence,Congenital fecal incontinence,Fecal fluid leakage
Fetal distress  prelabor,Fetal distress  in labor
Pain finding
Pain finding
Seizure
Seizure
Partial seizure
Partial seizure
Mass of digestive structure
Virilization finding
Constipation disorder,Hyperactive rectosigmoid junction,Abnormal large bowel motility,Bowel spasm
Seizure
Leukoplakia of female genital organs
Leukoplakia of female genital organs
Mass of female genital structure
Mass of female genital structure
Pain in testicle finding,Edema of male genital organs,Pain in scrotum finding,Burning scrotum,Pruritus of male genital organs,Leukoplakia of male genital organs,Persistent testicular pain,Tenderness of male genitalia
Mass of respiratory structure
Bilateral central hearing loss
Subjective visual disturbance
Bleeding from ear
Hyperemesis gravidarum,Finding of vomiting,Vomiting symptom
Skin sensation disturbance,Hyperesthesia finding
Paroxysmal hypertension
Excessive growth of facial hair,Excessive growth of body hair,Excessive growth of leg hair
Harlequin change
Edema of newborn
Insomnia disorder
Erythema of skin,Erythematous condition
Gastrointestinal symptom,Mass of digestive structure
Newborn physiological jaundice disorder
DJaundice not of newborn
DJaundice not of newborn
DJaundice not of newborn NOS
DJaundice not of newborn NOS
Abnormal jaw movement
Rubella arthralgia
Ophthalmoplegia disorder
Ophthalmoplegia disorder
Leukoplakia of male genital organs
Syncopal vertigo
Dacryops
Loss of voice
Spasm finding
Spasm finding
Stridor finding
Stridor finding
Leukorrhoea unspecified,Leukorrhea unspecified,Leukorrhea unspecified or vaginal discharge NOS,Leukorrhoea unspecified or vaginal discharge NOS
Cheilodynia disorder,Chapping of lips,Cracked lips
Large liver,Hepatocellular jaundice
Tender lymph node,Tenderness of lymphoreticular structure
Mass of lymphoreticular structure
Mass of lymphoreticular structure
Intermittent fever
Intermittent fever
Malarial pigment deposition
Malarial pigment deposition
Melasma gravidarum
Melasma gravidarum
Melasma gravidarum
Secondary endolymphatic hydrops
Meningococcal rash
Hypoproteinemia disorder
Hypoproteinemia disorder
Polyuric state
Polyuric state
Nausea finding
Teeth staining due to drugs
Oral paresthesia,Oral hypoesthesia,Edema of oral vestibule
Myoclonic disorder,Grimaces,Painful legs and moving toes
Gastric spasm,Flaccidity of muscle of upper limb
Muscle pain,Muscle tension pain,Skeletal muscle tender finding
Hard edema
Subungual hyperkeratosis,Clubbing of nail disorder,Onychomadesis
Hypersomnia disorder
Pain finding
Palatal myoclonus
Reaction to spinal or lumbar puncture disorder
Snuffles,Nasal discharge,Nasal discharge present
Voluntary nystagmus,Irregular nystagmus,Uniocular nystagmus,Gaze paretic nystagmus,Nystagmus produced by neck rotation,Nystagmus enhanced when fixation removed,Nystagmus unchanged when fixation removed,Nystagmus inhibited when fixation removed,Nystagmus signs,Elliptical nystagmus
Ophthalmoplegia disorder,Pseudoophthalmoplegia disorder
Disorder of umbilicus
Clubbing morphologic abnormality
Clubbing morphologic abnormality
Paralysis of palate,Painful mouth,Edema of oral soft tissues,Discomfort in mouth,Mouth symptoms,Sore lip finding,Edema of uvula,Mass of oral cavity,Pain of oral cavity structure,Tenderness of oral cavity structure,Edema of oral vestibule,Sore mouth finding
Hepatosplenomegaly
Hepatosplenomegaly
Nasal congestion,Posterior rhinorrhea disorder,Congestion of nasal sinus,Purulent nasal discharge,Purulent rhinitis,Catarrhal nasal discharge,Sore nostril,Maxillary sinus pain,Frontal sinus pain,Snuffles,Nasal discharge,Nasal discharge present
Hypoproteinemia disorder
Hypoproteinemia disorder
Voluntary nystagmus,Mixed nystagmus,Postural nystagmus,Spontaneous nystagmus,Body positional nystagmus,Neck positional nystagmus,"Positional nystagmus, variable eye direction",Nystagmus produced by neck rotation,Nystagmus enhanced when fixation removed,Nystagmus unchanged when fixation removed,Nystagmus inhibited when fixation removed,Bruns nystagmus,Elliptical nystagmus
Flaccidity  muscle
Flaccidity  muscle
Flaccidity  muscle
Flaccidity
Flaccidity
Flaccidity
Drop attack
Drop attack
Drop attack
Flaccidity of muscle of lower limb
Flaccidity of muscle of lower limb
Flaccidity of muscle of lower limb
Tooth sensitivity to cold,Tooth sensitivity to heat
Courvoisiers sign,Pancreatic pain
Bladder distention finding,Painful bladder spasm,Spasm of bladder
Ureteric neuromuscular incoordination
Spermatoschesis
Spermatoschesis
Spermatoschesis
Spermatemphraxis
Spermatemphraxis
Spermatemphraxis
Painful sexual act of male
Painful sexual act of male
Painful sexual act of male
Pain in male perineum
Pain in male perineum
Pain in male perineum
Vas deferens tender
Vas deferens tender
Vas deferens tender
Painful ejaculation finding
Painful ejaculation finding
Painful ejaculation finding
Testicular neuralgia
Testicular neuralgia
Testicular neuralgia
Mass of male genital structure
Mass of male genital structure
Mass of male genital structure
Inflammatory testicular mass
Inflammatory testicular mass
Inflammatory testicular mass
Irritation of penis
Macular eruption
Macular eruption
Weal
Weal
Puffiness of skin
Puffiness of skin
Auspitzs sign
Auspitzs sign
Menstrual urticaria
Menstrual urticaria
Chapping of lips
Chapping of lips
Cracked lips
Cracked lips
Macerated skin
Macerated skin
Bullous weal
Bullous weal
Malarial pigment deposition
Malarial pigment deposition
Loosening of tooth disorder
Erythema of skin,Erythematous condition,Erythema scarlatiniforme,Erythema fugax,Erythematous ear canal,Micropapular weal,Erythematous mucosa
Circumoral rhytides
Circumoral rhytides
Stellate pseudoscar
Stellate pseudoscar
Benign congenital hypotonia disorder
Swelling of vagina
Sore gums
Sore gums
Gingival edema
Gingival edema
Schistosomal pigment deposition
Immune complex urticaria
Subsultus tendinum
Pancreatic symptom
Erythema of skin,Erythematous condition
Mass of eye structure
Mass of eye structure
Mass of eye structure
Swelling of structure of eye
Swelling of structure of eye
Swelling of structure of eye
Erythema of skin
Erythema of skin
Erythematous condition
Erythematous condition
Myoclonic disorder
Congestion of nasal sinus
Spinal paraparesis,Flaccid paraplegia
Sleeprelated head banging,Reaction to sudden wakening,Sleep automatism
Parkinsonian tremor
Lesion of penis,Edema of penis,Pruritus of penis,Pain in penis finding
Mass of oral cavity
Neuropathic pain
Neuropathic pain
Intercostal neuralgia
Intercostal neuralgia
Cruralgia
Cruralgia
Neuropathic pain,Pain finding,Sciatica disorder,Femoral neuralgia,Intercostal neuralgia,Lateral femoral cutaneous neuralgia,Obturator neuralgia,Cruralgia,Segmental peripheral neuralgia,Ilioinguinal nerve neuralgia,Genitofemoral nerve neuralgia,Testicular neuralgia
Intraabdominal collection
Neonatal facial petechiae
Neonatal facial petechiae
Pain in throat,Sore throat symptom
Juvenile spring eruption
Juvenile spring eruption
Actinic reaction
Pain finding
Mass of digestive structure
Pain finding,Polymyalgia
Neuropathic pain,Pain finding
Neuropathic pain,Pain finding
Pruritus of pregnancy
Pruritus of pregnancy
Back pain complicating pregnancy
Back pain complicating pregnancy
Junctional premature beats
Junctional premature beats
Junctional premature beats
Junctional premature beats
Edema of lower leg
Painful penile erection,Priapism or erection  painful
Insomnia disorder
Prostatic pain finding,Prostatism disorder,Prostatorrhea
Pruritus of skin,Itching of skin,Itch of skin
Pruritus of skin,Itching of skin,Itch of skin
Headache finding
Headache finding
Occipital headache
Occipital headache
Cryoglobulinemic purpura
Flaccid tetraplegia
Neuropathic pain
Pain finding
Pain finding
Aniseikonia disorder,Refractive diplopia
DRespiratory abnormalities,DRespiratory abnormalities NOS,Restrained respiration
Retina finding
Retina finding
OE  retinopathy
OE  retinopathy
Purulent nasal discharge,Purulent rhinitis,Rhinitis due to alphaadrenergic blocking agent
Sialectasia
Schistosomal pigment deposition
Schistosomal pigment deposition
Scleral discoloration
Thickening of skin
Scintillating scotoma
Scintillating scotoma
Angioscotoma
Angioscotoma
Ring scotoma
Ring scotoma
Quadrantic scotoma
Quadrantic scotoma
Acute edema
Pruritus of skin,Itching of skin,Itch of skin,Skin irritation,Thickening of skin,Cryoglobulinemic purpura
Oslers node
Malarial pigment deposition
Tuberculous chancre,Clubbing of nail disorder,Spots on skin disorder
Hypersomnia with sleep apnea
Sleep automatism
Seizure
Pain finding
Edema of spinal cord
Other back symptoms disorder
Other back symptoms disorder
Sporotrichotic chancre
Seizure
Erythema of skin,Erythematous condition
Projectile vomiting disorder,Gastric spasm
Esophoria or strabismus NOS or ophthalmoplegia NOS
Ophthalmoplegia disorder
Pain finding
Inflammatory testicular mass
Carpopedal spasm
Intercostal neuralgia
Pain in thyroid,Tenderness of thyroid
Pain finding
Glossodynia disorder,Glossopyrosis disorder,Paresthesia of tongue,Numbness of tongue,Hypoesthesia of tongue
Loosening of tooth disorder
Pain finding
Motor dysfunction
Trypanosomal chancre
Tuberculous chancre
"Extensive congenital erosions, vesicles and reticulate scarring"
Purulent nasal discharge,Purulent rhinitis
Total urinary incontinence finding,Urge incontinence of urine,Primary enuresis,Double incontinence finding,Daytime enuresis
Mixed incontinence
Menouria
Polyuric state
Polyuric state
Genitourinary symptoms
Genitourinary symptoms
Weal
Weal
Urticaria geographica
Urticaria geographica
Menstrual urticaria
Menstrual urticaria
Delayed dermographism
Delayed dermographism
Cold reflex urticaria
Cold reflex urticaria
Delayed cold sensitivity
Delayed cold sensitivity
Persisting cholinergic urticaria
Persisting cholinergic urticaria
Cholinergic pruritus
Cholinergic pruritus
Reflex urticaria
Reflex urticaria
Immune complex urticaria
Immune complex urticaria
Urticarial vasculitis disorder
Urticarial vasculitis disorder
Hematocolpometra,Pruritus of vagina
Vulval irritation
Headache finding
Vulval varices in pregnancy
Vulval varices in pregnancy
Genital varices in the puerperium
Genital varices in the puerperium
Vaginal varices in the puerperium
Vaginal varices in the puerperium
Harlequin change
Headache finding,Thunderclap headache
Syncope symptom,Syncope and collapse
DOther speech disturbance NOS
DOther speech disturbance NOS
DOther speech disturbance NOS
DOther speech disturbance
DOther speech disturbance
DOther speech disturbance
Pain finding
Postviral excessive daytime sleepiness
Subjective visual disturbance
Spherical aberration of vision
Spherical aberration of vision
Chromatic aberration of vision
Chromatic aberration of vision
Visual alteration
Visual alteration
Pruritus of vulva,Dryness of vulva
Inflammation of vulva
Penile warts
Cachexia finding
Dry skin finding
Druginduced xerostomia
Druginduced xerostomia
Fetal bradycardia
D Post polio exhaustion
Paroxysmal vascular dilatation,Pain at rest due to peripheral vascular disease
Vascularization of cornea
Pain finding
Erythema of skin,Erythematous condition
Seizure
Seizure
Partial seizure
Partial seizure
Seizure
Seizure
Seizure
Partial seizure
Partial seizure
Paroxysmal hypertension
Transient monoplegia,Monoparesis disorder
Motor dysfunction
Pale complexion
Mass of musculoskeletal structure
Erythema of skin,Erythematous condition
Pain finding
Emaciated
Angina,Ischemic chest pain,Pain finding
Ataxia finding
Purulent nasal discharge,Purulent rhinitis
Disorder of umbilicus
Pain finding,Spasmodic dysmenorrhea
Headache finding
Sciatica disorder
Ophthalmoplegia disorder
Alteration in comfort: chronic pain,Chronic abdominal pain,Chronic pelvic pain of female,Chronic intractable pain,Other chronic pain,Generalized chronic body pains,Chronic vaginal pain
Urticarial vasculitis disorder
Stellate pseudoscar
Palatal myoclonus,Oculopalatal myoclonus
Diarrhea symptom,Loose stool
Angina
Angina
Ischemic chest pain
Ischemic chest pain
Abdominal pain
Abdominal pain
Colicky pain
Colicky pain
Pain of digestive structure
Pain of digestive structure
Symptomatic disorders in pregnancy
Bone pain finding,Malignant bone pain,Clavicle pain
Paradoxical diaphragmatic movement,Diaphragmatic tic,Diaphragmatic paresis
Pain finding,Lateral femoral cutaneous neuralgia
Ophthalmoplegia disorder
Ophthalmoplegia disorder
Spasm finding
Uncontrollable vomiting
Bowel spasm
Angina,Ischemic chest pain,Pain finding
Internal ophthalmoplegia
Incomitant esophoria disorder,Esophoria or strabismus NOS or ophthalmoplegia NOS
Lid retraction &or lag
Watering or tearing eyes & CO,Has watering eyes,Watery eye
Persisting cholinergic urticaria,Cholinergic pruritus
Erythema of skin,Erythematous condition,Familial annular erythema
Mass of female genital structure
Chalcosis of cornea
Diarrhea symptom,Loose stool
Pain finding
Saber shin
Bitots spots
Athetoid movement
Athetoid movement
Paroxysmal dystonia
Paroxysmal dystonia
Edema of spinal cord
Monoparesis  arm
Flaccid paralysis,Drummers palsy,Posthemiplegic chorea,Todds paresis
Headache finding
Meningeal irritation
Pain finding
Intercostal neuralgia
Intercostal neuralgia
Ilioinguinal nerve neuralgia
Ilioinguinal nerve neuralgia
Cruralgia
OE  right eye proliferative diabetic retinopathy,OE  left eye proliferative diabetic retinopathy
Retinal arteries silverwire
Amaurosis fugax
Visual hallucinations,Unformed visual hallucinations,Formed visual hallucinations,Visual alteration,Formed hallucinations of people
Diffuse inflammation
Vascularization of cornea
Stahlis line
Mass of eye structure,Swelling of structure of eye
Mucus conjunctival discharge,Mucopurulent conjunctival discharge
Rosenbachs sign
Rosenbachs sign
Swelling of eyelid finding
Swelling of eyelid finding
Scleral discoloration
Scleral discoloration
Sclerotomal pain
Sclerotomal pain
Total scleral ectasia
Generalized tenderness in pinna
Benign paroxysmal positional vertigo nystagmus
Subjective vertigo,Brain stem vertigo
Ear pressure sensation
Ear pressure sensation
Sensation of pressure in ear
Sensation of pressure in ear
Sensation of blocked ears
Sensation of blocked ears
Mass of ear structure
Mass of ear structure
Swelling of ear structure
Swelling of ear structure
Vulval varices in pregnancy,Genital varices in the puerperium
Prominent leg veins  symptom
Pain in throat,Sore throat symptom
Bronchorrhea,Smokers cough
Acute edema
Acute edema
Sore gums
Mass of oral cavity
Hypoesthesia of tongue
Hypoesthesia of tongue
Gastrointestinal symptom
Appendiceal colic
Appendiceal colic
Appendicular colic
Appendicular colic
Diarrhea due to ingestion of unabsorbable substances
Prostatorrhea
Subinvolution of breast,"Breast subinvolution, postpartum",Postpartum subinvolution of breast,Peau dorange surface of breast,Generalized tenderness of breast,Localized tenderness of breast
Pain finding
Pain finding
Pain finding
Pain finding
Pain finding
Abnormal vaginal odor
Menopausal problem
Seizure
Finding of vomiting,Vomiting symptom
Breastfeeding painful
Breastfeeding painful
Breastfeeding painful
Abnormal granulation tissue
Subungual hyperkeratosis
Subungual hyperkeratosis
Koilonychia
Koilonychia
Lamellar nail splitting
Lamellar nail splitting
Beaus lines
Beaus lines
Clubbing of nail disorder
Clubbing of nail disorder
Onychomadesis
Onychomadesis
Change in nail appearance
Change in nail appearance
Nail shedding
Nail shedding
Splits in nails
Splits in nails
Grooving of nail
Grooving of nail
Thin nails
Thin nails
Transverse split nail
Transverse split nail
Splitting toenail
Splitting toenail
Unpleasant odor of axilla,Unpleasant odor of genitalia
Knee locking
Finger joint laxity
Infrapatellar tenderness
Metatarsophalangeal joint laxity
Popeye sign,Shoulder joint laxity
Elbow joint laxity
Wrist joint laxity
Thumb joint laxity
Cervicobrachialgia
Sacrocoxalgia,Sacral back pain,Sacroiliac joint pain,Sacroiliac joint laxity,Sacroiliac joint stiff
Pain in the coccyx
Lumbar ache  renal,Cervical spine stiff
Metatarsalgia finding
Tendon sheath effusion
Tendon sheath effusion
Nodule on tendon
Nodule on tendon
Thickening of tendon sheath
Thickening of tendon sheath
Mass of musculoskeletal structure
Spastic paraparesis,Musculoskeletal hypomobility,Musculoskeletal immobility,Cerebral paraparesis,Weakness of face muscles,Floppy muscles,Muscle tone atonic,Upper facial weakness,Quadriceps weakness,Calf muscle weakness
Polyalgia,Mass of body region,Mass of trunk
Tachypnea finding
Hepatocellular jaundice
Seizure
Fetal souffle,Excessive crying of newborn,Disorder of umbilicus
Corneal pigmentations and deposits,Melanin pigmentation of cornea,Blood pigmentation of cornea
Ophthalmoplegia disorder
Joint pain
Starvation disorder
Starvation disorder
Starvation disorder
Inanition disorder
Inanition disorder
Inanition disorder
Meningococcal rash
Seizure
Seizure
Seizure
Loss of sense of smell
Face goes red,Stellate pseudoscar
Achromia of skin disorder
Achromia of skin disorder
Blanching of skin finding,Scaly scalp,Perineal irritation,Abnormal complexion,Stinging of skin,Sore skin finding
Pruritus of genital organs
Pain finding
Insomnia disorder
Chest pain,Other chest pain
Secondary endolymphatic hydrops
Seizure
Seizure
Large liver
Hard edema
Headache finding,Ophthalmoplegia disorder
Cerebellar ataxia
Constipation disorder
Cold reflex urticaria,Delayed cold sensitivity
Sore lip or angular stomatitis &or cheilitis
Sore lip or angular stomatitis &or cheilitis
Erythema of skin,Erythematous condition
Koilonychia,Lamellar nail splitting,Beaus lines
Other signs and symptoms in breast
Gummatous inflammation morphologic abnormality
Range of joint movement increased,Joint laxity
Chest pain,Bone pain finding
Pain in lower limb finding,Tenalgia
Abnormal breathing
Druginduced apnea
"DHeart murmur, undiagnosed"
Diarrhea symptom,Loose stool
Diarrhea symptom,Loose stool
Clinical sign related to pregnancy
Exhaustion
Mood hypersomnia
Abnormal reflex
Paresthesia finding
Headache finding
Neuropathic pain,Pain finding
Pain finding
Athetoid movement,Involuntary movement,Involuntary movement symptom
Syncope symptom,Syncope and collapse
CO  cough
Other and unspecified symbolic dysfunctions,DOther symbolic dysfunction
DOther general symptoms NOS,DOther general symptoms
DOther speech disturbance NOS,DOther speech disturbance
Other and unspecified symbolic dysfunctions,DOther symbolic dysfunction
Seizure,Tonicclonic seizure,Grand mal seizure
Seizure
Seizure
Seizure
Seizure
Seizure
Seizure
Subjective vertigo
Subjective vertigo,Dizziness and giddiness
Subjective vertigo
Erythema of skin,Erythematous condition,Familial annular erythema
Seizure,Partial seizure
Seizure
Internal ophthalmoplegia
Distended umbilical veins
Blood streaked sputum
Diarrhea symptom,Loose stool
Erythema of skin,Erythematous condition
Mass of digestive structure
Mass of digestive structure
Application site anesthesia
Seizure
Hard edema
Mass of respiratory structure
Spasm finding
Headache finding
Headache finding
Pain finding
Pain finding
Mass of digestive structure
Changes in skin texture
Pain finding
Mass of eye structure,Swelling of structure of eye
Visual alteration
"Extensive congenital erosions, vesicles and reticulate scarring"
Localized retinal edema,Peripheral retinal edema
Leudets tinnitus
Leudets tinnitus
Leudets tinnitus
Trypanosomal chancre
Diffuse inflammation
Disorder of umbilicus
Disorder of umbilicus
Disorder of umbilicus
Pustular rash morphologic abnormality
Pustular rash morphologic abnormality
Pustular rash morphologic abnormality
Erythema of skin,Erythematous condition
Erythema of skin,Erythematous condition
Erythema of skin,Erythematous condition
Erythema of skin,Erythematous condition
Erythema of skin,Erythematous condition
Immune complex urticaria
Macule morphologic abnormality
Pruritus of skin,Itching of skin,Itch of skin,Other specified pruritic conditions disorder
Pruritus of skin,Itching of skin,Itch of skin
Pruritus of skin,Itching of skin,Itch of skin
Erythema of skin,Erythematous condition
Erythema of skin,Erythematous condition,Familial annular erythema
Erythema of skin,Erythematous condition
Erythema of skin,Erythematous condition
Erythema of skin,Erythematous condition
Erythema of skin,Erythematous condition
Erythema of skin,Erythematous condition
Erythema of skin,Erythematous condition
Erythema of skin,Erythematous condition
Drug pigmentation
Drug pigmentation
Abnormal granulation tissue
Pain finding
Pain finding
"DLocal superficial swelling, mass or lump NOS","DLocal superficial swelling, mass or lump"
"DLocal superficial swelling, mass or lump NOS","DLocal superficial swelling, mass or lump"
"DLocal superficial swelling, mass or lump NOS","DLocal superficial swelling, mass or lump"
Polyalgia
Painful swelling of joint
Other joint symptoms of the pelvic region and thigh or hip snapping or irritable hip
Pain finding,Sciatica disorder
Wry necktorticollis
Ilioinguinal nerve neuralgia,Genitofemoral nerve neuralgia
Pain finding,Sciatica disorder
Mass of musculoskeletal structure
Arm claudication
Pain finding
Pain finding
Pain finding
Pain finding at anatomical site
Edema of uvula
Mass of respiratory structure,Mass of digestive structure
Hemiplegia disorder
Aphonia paralytica
Diffuse inflammation
Mass of musculoskeletal structure
Spastic dysphonia
Dysphonia of organic tremor
Spastic dysphonia
Flaccid dysphonia,Spastic pseudobulbar dysphonia,Dysphonia of organic tremor
Flaccid dysphonia,Spastic pseudobulbar dysphonia
Myoclonic disorder
Loss of voice,Other and unspecified symbolic dysfunctions,DOther symbolic dysfunction
DOther speech disturbance NOS,DOther speech disturbance
Mass of respiratory structure
Mass of respiratory structure
Angina,Ischemic chest pain,Pain finding,Other forms of angina pectoris
Angina,Ischemic chest pain,Pain finding,Other forms of angina pectoris
Angina,Ischemic chest pain,Pain finding,Other forms of angina pectoris
Angina,Ischemic chest pain,Pain finding,Other forms of angina pectoris
Angina,Ischemic chest pain,Pain finding
Angina,Ischemic chest pain,Pain finding,Other forms of angina pectoris
Angina,Ischemic chest pain,Pain finding,Other forms of angina pectoris
Pain finding
Tictac rhythm
Cyanosis of skin,Central cyanosis disorder
Mass of trunk
Koilonychia
Mass of digestive structure
Mass of oral cavity
Mass of digestive structure
Colicky pain
Mass of oral cavity
Palatal myoclonus,Edema of oral soft tissues,Sublingual sialectasia
Mass of digestive structure
Mass of oral cavity
Indigestion symptoms,Indigestion symptom NOS
Finding of vomiting,Vomiting symptom,Uncontrollable vomiting
Finding of vomiting,Vomiting symptom,Vomiting in newborn
Nausea and vomiting disorder,Finding of vomiting,Vomiting symptom,DDruginduced vomiting
Mass of digestive structure
Pain finding
Diarrhea symptom,Loose stool
Diarrhea symptom,Loose stool
Diarrhea symptom,Loose stool
Mass of digestive structure
Constipation disorder,Chronic constipation
Constipation disorder
Constipation disorder
Anal pain finding
Bowel spasm
Bowel spasm
Finding of vomiting,Vomiting symptom,Postoperative vomiting
"Flatulence, eructation and gas pain"
Diarrhea symptom,Loose stool,Diarrhea due to ingestion of unabsorbable substances
Diarrhea symptom,Loose stool
Diarrhea symptom,Loose stool
Appendiceal colic,Appendicular colic
Diffuse inflammation
Diarrhea symptom,Loose stool
Diarrhea symptom,Loose stool
Diarrhea symptom,Loose stool
Diarrhea symptom,Loose stool
Diarrhea symptom,Loose stool
Diarrhea symptom,Loose stool
Diarrhea symptom,Loose stool
Mass of body region
Mass of digestive structure
Recurrent abdominal pain
Starvation disorder
Coordination problem
Coordination problem
Hypercapnia disorder,Hypocapnia disorder
Starvation disorder
Hypercapnia disorder
Myoclonic disorder
Hepatocellular jaundice
DJaundice not of newborn,DJaundice not of newborn NOS
DJaundice not of newborn,DJaundice not of newborn NOS
Pruritus of pregnancy
Scleral discoloration
Polyuric state
Mass of urinary system structure
Burning scrotum,Scrotal pruritus
Complete spermatogenic arrest
Incomplete spermatogenic arrest
Pain finding
Pain finding
Pain finding
Pain finding
Pain finding
Pain finding
Pain finding
Pain finding
Pain finding
Pain finding
Pain finding
Pain finding
Pain finding
Pain finding
Pain finding
Pain finding
Pain finding
Pain finding
Pain finding
Pain finding
Pain finding,Disorder of umbilicus
Vulvovaginal dryness
Mass of uterine adnexa
Mass of uterine adnexa
Mass of female genital structure
Perineal lump finding,Mass of female genital structure
Other signs and symptoms in breast
Oliguria finding
Seizure
Hyperemesis gravidarum,Finding of vomiting,Vomiting symptom
Hyperemesis gravidarum,Finding of vomiting,Vomiting symptom
Hyperemesis gravidarum,Finding of vomiting,Vomiting symptom
Finding of vomiting,Vomiting symptom
"Uterine incoordination, first degree"
Vascular engorgement of breast
Cyanosis of skin,Neonatal cyanosis
Respiratory distress finding
Newborn physiological jaundice disorder
Newborn physiological jaundice disorder
Newborn physiological jaundice disorder
Newborn physiological jaundice disorder
Newborn physiological jaundice disorder
DEnuresis NOS,Enuresis & bedwetting,DEnuresis,Enuresis D
DOther general symptoms NOS,DOther general symptoms
Other and unspecified symbolic dysfunctions,DOther symbolic dysfunction
Static tremor
Myoclonic disorder
Athetoid movement
Cerebellar ataxia
Cerebellar ataxia
Athetoid movement
Athetoid movement
Athetoid movement
Paraparesis disorder
Paraparesis disorder
Hemiplegia disorder
Unilateral facial paresis
Hemiplegia disorder
Spasticity
Spastic dysphonia
Seizure
Seizure
Partial seizure
Partial seizure
Seizure,Partial seizure
Seizure
Seizure,Partial seizure
Seizure
Seizure
Seizure,Partial seizure
Seizure
Seizure
Seizure
Seizure
Tonicclonic seizure,Grand mal seizure
Seizure
Seizure
Seizure,Partial seizure
Seizure,Partial seizure
Seizure
Seizure
Seizure
Seizure
Myoclonic disorder
Seizure
Abdominal migraine  symptom
Headache finding
Headache finding,Subjective vertigo
Headache finding
Headache finding
Myokymia finding
Hemiplegia disorder
Hemiplegia disorder
Spasm finding
Myoclonic disorder
Red eye
Mass of eye structure,Swelling of structure of eye
Subjective visual disturbance
Monocular diplopia
Impairment level: low vision of both eyes,"Low vision, both eyes"
Painful blind eye
Absence of sensation finding
Narrowing of palpebral fissure
Oculopalatal myoclonus
Vitreous cavitation
Diffuse inflammation
Subjective vertigo,Multisensory dizziness,Vertigo preceded by head injury,Druginduced vertigo
Diffuse inflammation
Diplacusis
Diplacusis
Loudness recruitment
Virilization finding
Hard edema
Starvation disorder
Cyanosis of skin,Central cyanosis disorder
Cyanosis of skin
Erythema of skin,Erythematous condition
Erythema of skin,Erythematous condition
Erythema of skin,Erythematous condition
Mass of respiratory structure,Mass of digestive structure
Mass of lymphoreticular structure
Immune complex urticaria
Immune complex urticaria
Mucous membrane eruption
Macule morphologic abnormality
Erythema of skin
Erythema of skin
Erythematous condition
Erythematous condition
Achromia of skin disorder
Gummatous inflammation morphologic abnormality
Diarrhea symptom
Diarrhea symptom
Loose stool
Loose stool
Gummatous inflammation morphologic abnormality
Gummatous inflammation morphologic abnormality
Gummatous inflammation morphologic abnormality
Mass of musculoskeletal structure
Diarrhea symptom,Loose stool
Diarrhea symptom,Loose stool
Diarrhea symptom,Loose stool
Difficulty breathing
Fatigue associated with AIDS
Hepatomegaly associated with AIDS
Malaise associated with AIDS
Erythema of skin,Erythematous condition
Sporotrichotic chancre
Pain finding
Diarrhea symptom,Loose stool
Diarrhea symptom,Loose stool
Diarrhea symptom,Loose stool
DOther speech disturbance NOS,DOther speech disturbance
Hemiplegia disorder
Hemiplegia disorder
Hemiplegia disorder
Hemiplegia disorder
Crossed extensor reflex
Ataxia finding,Coordination problem
Seizure
Seizure
Seizure,Partial seizure
Seizure
Seizure,Partial seizure
Seizure
Seizure
Seizure
Seizure
Seizure
Seizure,Partial seizure
Seizure
Seizure,Partial seizure
Seizure,Partial seizure
Visual discomfort
Visual discomfort
Swelling of limb finding,Swelling of musculoskeletal structure
Persistent light reaction
Pale complexion
Immune complex urticaria,Urticarial vasculitis disorder
Alcohol induced hallucinations
Alcohol induced hallucinations
Abdominal angina,Intestinal angina
Diarrhea symptom,Loose stool
Diarrhea symptom
Diarrhea symptom
Loose stool
Loose stool
Pain finding
Seizure,Tonic seizure
Seizure
Persistent light reaction
Cerebellar ataxia
DOther speech disturbance NOS,DOther speech disturbance
Wry necktorticollis
Seizure
Seizure
Seizure
Headache finding
Headache finding
Headache finding
Headache finding
Headache finding
Headache finding
Headache finding
Headache finding
Headache finding
Ophthalmoplegia disorder
Pain finding
Pain finding
Psychic dysuria
Diffuse inflammation
OE  right eye diabetic maculopathy,OE  left eye diabetic maculopathy
OE  right eye preproliferative diabetic retinopathy,OE  left eye preproliferative diabetic retinopathy
Anomaly of divergence
Abnormal reflex
Impairment level: low vision of both eyes,"Low vision, both eyes"
Impairment level: low vision of both eyes,"Low vision, both eyes"
Mass of respiratory structure
Mass of respiratory structure
Pain finding
Acute edema
Acute edema
Acute edema
Acute edema
Mass of lymphoreticular structure
Mass of lymphoreticular structure
Mass of trunk
Mass of trunk
Mass of respiratory structure
Angina,Ischemic chest pain,Pain finding,Other forms of angina pectoris
Angina,Ischemic chest pain,Pain finding,Other forms of angina pectoris
Mass of respiratory structure,Mass of cardiovascular structure
Syncope symptom,Syncope and collapse
Syncope symptom,Syncope and collapse
Syncope symptom,Syncope and collapse
Syncope symptom,Syncope and collapse
Syncope symptom,Syncope and collapse,Effort syncope
Syncope symptom,Syncope and collapse
Syncope symptom,Syncope and collapse
Gummatous inflammation morphologic abnormality
Erythema of skin,Erythematous condition
Absent peristalsis
Absent peristalsis
Mass of digestive structure
Food intolerance
Mass of digestive structure
Constipation disorder
Mass of female genital structure
Pain finding
Pain finding
Seizure
Purulent nipple discharge
Virilization finding
Cachexia finding
Cachexia finding
Hypercapnia disorder,Hypocapnia disorder,Hyperoxia disorder
Macular eruption
Macular eruption
Macule morphologic abnormality
Macule morphologic abnormality
Urticaria geographica
Urticaria geographica
Urticaria geographica
Delayed dermographism
Delayed dermographism
Delayed dermographism
Reflex urticaria
Reflex urticaria
Reflex urticaria
Pain finding
Pain finding
Mass of lower limb
Pain finding
Pain finding
Pain finding
Erythema of skin,Erythematous condition
Macular eruption
Pustular rash morphologic abnormality
Gummatous inflammation morphologic abnormality
Mass of digestive structure
Perianal lump
Groin mass
Cachexia finding
Achromia of skin disorder
Mass of body region
Mass of digestive structure
Spasm of conjugate gaze
Mass of cardiovascular structure
Mass of digestive structure
Spastic hemiplegia or spastic foot
Seizure
Seizure
Neuropathic pain,Femoral neuralgia,Reminiscent neuralgia,Radicular pain,Sympathetically maintained pain,Obturator neuralgia,Segmental peripheral neuralgia,Neurogenic pain,Sympathetically independent pain,Unilateral shortlasting neuralgiform pain with conjunctival injection and tearing syndrome,Peripheral neurogenic pain,Peripheral neuropathic pain
Neuropathic pain
Subjective visual disturbance
Pulsus trigeminus finding,Labile pulse,Bigeminal pulse finding
Pain in esophagus
Pain in esophagus
Absent deglutition finding
Absent deglutition finding
Anal twitching
Liver pain finding
Liver pain finding
Liver pain finding
Hepatocellular jaundice
Hepatocellular jaundice
Hepatocellular jaundice
Insomnia disorder
Disorder of umbilicus
Pain finding
Amaurosis fugax
Symptom occurs premenstrually,Premenstrual symptom,Premenstrual swelling,Premenstrual breast tenderness
Ophthalmoplegia disorder,Pain finding
Pustular rash morphologic abnormality
Hemiplegia disorder
Impairment level: low vision of both eyes,"Low vision, both eyes"
Athetoid movement,Clonus,Muscle fasciculation,Spasticity,Spasm finding,Tremor finding,Opisthotonus finding,Local spasm,Muscle twitch finding,Synkinesis finding,Trembles,Persistent tremor,Continuous tremor,Intermittent tremor,Fine tremor,Coarse tremor,Massive tremor,Passive tremor,Static tremor,Resting tremor,Grimaces,Clasp knife like increase in tone,Risus sardonicus,Involuntary movement,Involuntary movement symptom,Head movements abnormal,Pleurothotonus,Wrist clonus,Pseudoathetosis,Thyrotoxic tremor,Pill rolling,Involuntary truncal rocking,Orthostatic tremor,Chronic tremor
Seizure
Cerebellar ataxia
Cerebellar ataxia
Posthemiplegic chorea
Paroxysmal dystonia
Dystonia finding,Paroxysmal dystonia,Diurnal dystonia
Spasmodic torticollis disorder
Blepharospasm disorder
Myoclonic disorder
Myoclonic disorder
Myoclonic disorder
Myoclonic disorder
Myoclonic disorder
Myoclonic disorder
Myoclonic disorder
Seizure
Seizure
Seizure
Seizure
Seizure
Seizure
Seizure
Seizure
Seizure
Seizure
Seizure
Seizure
Seizure
Seizure
Seizure
Seizure
Seizure
Seizure
Seizure
Seizure
Seizure
Seizure
Seizure
Seizure
Seizure
Seizure
Seizure
Seizure
Seizure
Seizure
Seizure
Seizure
Seizure
Seizure
Seizure
Seizure
Seizure
Seizure,Partial seizure
Seizure
Seizure
Seizure
Seizure
Seizure
Seizure
Seizure
Seizure
Seizure
Seizure
Seizure,Partial seizure
Seizure,Partial seizure
Headache finding,Menopausal headache,Idiopathic stabbing headache
Headache finding
Headache finding
Headache finding
Headache finding
Headache finding
Headache finding
Headache finding
Headache finding
Headache finding
Headache finding,Post dural puncture headache
Headache finding
Headache finding
Insomnia disorder
Hypersomnia disorder
DSleep rhythm irregular
Sleep automatism
Pain finding,Painful penile erection
Pain finding
Pain finding
Pain finding
Pain finding
Pain finding
Painful legs and moving toes,Painful arms and moving fingers
Ataxia finding
Dizziness and giddiness
DOther speech disturbance NOS,DOther speech disturbance
Bleeding from ear
Bleeding from ear
Subjective vertigo
Subjective vertigo
Subjective vertigo
Subjective vertigo
Dizziness and giddiness
Dizziness and giddiness
Spasm finding
Acute edema
Teeth staining due to drugs
Macule morphologic abnormality
Diarrhea symptom
Diarrhea symptom
Loose stool
Loose stool
DJaundice not of newborn,DJaundice not of newborn NOS
Finding of vomiting,Vomiting symptom
Constipation disorder,Functional constipation or impacted faeces,Functional constipation or impacted feces
Ureteric neuromuscular incoordination
DEnuresis NOS,Enuresis & bedwetting,DEnuresis,Enuresis D
DEnuresis NOS,Enuresis & bedwetting,DEnuresis,Enuresis D
DUrinary system symptoms NOS,DUrinary system symptoms
Pain finding
Menopausal symptom,Menopausal headache,Menopausal sleeplessness,Menopausal concentration lack
Symptomatic disorders in pregnancy
Finding of vomiting,Vomiting symptom
Hyperemesis gravidarum,Finding of vomiting,Vomiting symptom
Finding of vomiting,Vomiting symptom
Finding of vomiting,Vomiting symptom
Engorgement of breasts
Discharge from nipple,Nipple discharge symptom
Pruritus of skin,Itching of skin,Itch of skin
Skin irritation
Erythema of skin,Erythematous condition
Erythema of skin,Erythematous condition
Pruritus of skin,Itching of skin,Itch of skin
Pruritus of skin,Itching of skin,Itch of skin
Pruritus of skin,Itching of skin,Itch of skin
Pruritus of skin,Itching of skin,Itch of skin
Pruritus of skin,Itching of skin,Itch of skin
Pustular rash morphologic abnormality
Pustular rash morphologic abnormality
Pruritus of skin,Itching of skin,Itch of skin,Other specified pruritic conditions disorder
Erythema of skin,Erythematous condition
Pale complexion
Pale complexion
Pale complexion
Erythema of skin,Erythematous condition
Erythema of skin,Erythematous condition
Erythema of skin,Erythematous condition
Erythema of skin,Erythematous condition
Erythema of skin,Erythematous condition
Erythema of skin,Erythematous condition
Erythema of skin,Erythematous condition
Erythema of skin,Erythematous condition
Erythema of skin,Erythematous condition
"Extensive congenital erosions, vesicles and reticulate scarring"
Erythema of skin,Erythematous condition
Disorder of umbilicus
Scalp itchy
Pain finding,Burning sensation of vulva,Vulvovaginal pain,Chronic vaginal pain
Psoriasiform rash
Erythema of skin,Erythematous condition
Drug pigmentation
Seizure
Pale complexion
Pruritus of skin,Itching of skin,Itch of skin
Chest wall pain finding,Postoperative pain
Pain from tissue expander
Subtalar joint laxity,Subtalar joint stiff
Foot joint laxity
Lump on finger
Lump on finger
Lump on finger
DClicking thumb contextdependent category,DClicking thumb situation
Pain finding
Cramp in foot
Pain finding
Grunting respiration finding
Erythema of skin,Erythematous condition
Exhaustion
Seizure
Seizure,Partial seizure
Seizure,Subjective vertigo,Vertigo associated with seizures
Seizure
Incomitant esophoria disorder
Postbasic stare
Low back pain
Joint pain,Other back symptoms or facet joint syndrome
Neurogenic pain
Pain finding
Pain finding
Rectal pain finding,Anal pain finding
Selfneglect
Erythema of skin,Erythematous condition
Wry necktorticollis
Joint stiffness
Abnormal gait
Abnormal gait,Staggering gait finding
Seizure
Seizure
Neuropathic pain
Mass of digestive structure
Erythema of skin,Erythematous condition
Bilateral central hearing loss
Low back pain
Withdrawal sign or symptom
Withdrawal sign or symptom
DOther speech disturbance NOS,DOther speech disturbance
DOther speech disturbance NOS,DOther speech disturbance
Acquired stammering
DOther speech disturbance NOS,DOther speech disturbance
Loss of voice
Loss of voice
Loss of voice
Other and unspecified symbolic dysfunctions,DOther symbolic dysfunction
Coordination problem
Coordination problem
Coordination problem
DOther speech disturbance NOS,DOther speech disturbance
Coordination problem
DOther speech disturbance NOS,DOther speech disturbance
Coordination problem
DOther speech disturbance NOS,DOther speech disturbance
DOther speech disturbance NOS,DOther speech disturbance
Hemiplegia disorder
Snuffles & neonatal snuffles
Other newborn abnormal cerebral signs
Seizure
Harlequin change
Subjective vertigo
Subjective vertigo
Erythema of skin,Erythematous condition
Excessive sweating
Low back pain
Headache finding
Chest pain,Persistent pain following procedure
Pain finding
Pain finding
Pain finding,Sciatica disorder
Abdominal pain
Blepharospasm disorder,Pruritus of vagina,Spasmodic torticollis disorder
Pruritus of penis,Burning scrotum,Scrotal pruritus
Drug pigmentation
Seizure
Seizure
Seizure
Seizure
Seizure
Seizure
Newborn physiological jaundice disorder
Diarrhea symptom,Loose stool
Diarrhea symptom,Loose stool
Diarrhea symptom,Loose stool
Perineal lump finding
Diarrhea symptom,Loose stool
Blood streaked sputum
Chromatic aberration of vision
Contact lens related red eye
Seizure
Headache finding,Reaction to spinal or lumbar puncture disorder,Post dural puncture headache
DOther general symptoms NOS,DOther general symptoms,Nervous system symptoms,Neurological symptom
Mass of urinary system structure
Mass of urinary system structure
Swelling of urological structure
Swelling of urological structure
Traumatic neonatal facial cyanosis
Multisensory dizziness,Tinnitus of vascular origin,Leudets tinnitus
Hemiplegia disorder
Erythema of skin,Erythematous condition
Coordination problem
Other specified visual disturbance NOS
Other specified visual disturbance NOS
Other specified visual disturbance
Other specified visual disturbance
Subjective visual disturbance
Subjective visual disturbance
Pain finding
Headache finding
Headache finding
Headache finding
Skin sensation disturbance,Absence of sensation finding
Skin sensation disturbance
Cyanosis of skin
Headache finding
Headache finding
Radicular pain,Pain of head and neck region
Pain finding,Erythema of skin,Erythematous condition
Pruritus of skin
Pruritus of skin
Itching of skin
Itching of skin
Itch of skin
Itch of skin
Other specified pruritic conditions disorder
Other specified pruritic conditions disorder
Gummatous inflammation morphologic abnormality
Macule morphologic abnormality
Spasm finding,Motor dysfunction
Seizure
Pruritus of skin
Pruritus of skin
Pruritus of skin
Itching of skin
Itching of skin
Itching of skin
Itch of skin
Itch of skin
Itch of skin
Other specified pruritic conditions disorder
Other specified pruritic conditions disorder
Other specified pruritic conditions disorder
Schistosomal pigment deposition
Schistosomal pigment deposition
Drug pigmentation
Drug pigmentation
Cullens sign
Cullens sign
Blood pigmentation of cornea
Blood pigmentation of cornea
Malarial pigment deposition
Malarial pigment deposition
Extrinsic staining of teeth associated with inadequate oral hygiene
Extrinsic staining of teeth associated with inadequate oral hygiene
Extrinsic staining of teeth associated with oral habits
Extrinsic staining of teeth associated with oral habits
Seizure
Spasm finding
Palatal myoclonus
Lateral femoral cutaneous neuralgia,Obturator neuralgia,Ilioinguinal nerve neuralgia,Genitofemoral nerve neuralgia,Testicular neuralgia
Oslers node
Pruritus of skin,Itching of skin,Itch of skin,Other specified pruritic conditions disorder
Purulent nasal discharge,Purulent rhinitis
Unqualified visual loss of one eye,"Visual loss, one eye, unqualified"
Erythema of skin,Erythematous condition
Other specified visual disturbance NOS,Other specified visual disturbance
Pain finding
Muscle pain
Unqualified visual loss of both eyes,"Visual loss, both eyes unqualified",Impairment level: low vision of both eyes,"Low vision, both eyes"
Symptomatic disorders in pregnancy
Disorder of umbilicus
Disorder of umbilicus
Abdominal pain,Pain in female genitalia
Erythema of skin,Erythematous condition
Erythema of skin,Erythematous condition
Erythema of skin,Erythematous condition
Perineal lump finding
Pain of head and neck region
Chest pain,Pain in thoracic spine
Abnormal reflex
Erythema of skin,Erythematous condition
"DSwelling, mass or lump of chest NOS","DSwelling, mass and lump of chest"
Diarrhea symptom,Loose stool
Erythema of skin,Erythematous condition
Penile warts
Mass of female genital structure
Pain finding,Sciatica disorder
Pain finding,Sciatica disorder
Benign paroxysmal positional vertigo nystagmus
Bruns nystagmus
Myoclonic disorder
Seizure
Seizure
Seizure
DJaundice not of newborn,DJaundice not of newborn NOS
Seizure
Erythema of skin,Erythematous condition
Mass of lymphoreticular structure
Newborn physiological jaundice disorder
Sucrose intolerance
Sucrose intolerance
Disturbance in sleep behavior,Hypersomnia disorder,Insomnia disorder,DSleep disturbances & hypersomnia or insomnia
Headache finding
Virilization finding
Abnormal granulation tissue
Spasm of conjugate gaze
Mass of digestive structure
Mass of musculoskeletal structure
Pain in throat,Sore throat symptom
Mass of eye structure,Swelling of structure of eye
Diarrhea symptom,Loose stool
Angina,Ischemic chest pain,Pain finding,Other forms of angina pectoris
Angina,Ischemic chest pain,Pain finding,Other forms of angina pectoris
Blepharospasm disorder,Spastic dysphonia
Seizure
Headache finding
Pain finding
Respiratory distress finding
Dorsalgia,Backache NOS or back pain & low
Amaurosis fugax
Seizure
Seizure
Headache finding
Hypersomnia disorder
Hypersomnia disorder
Myoclonic disorder
Pain finding
Tachypnea finding
Seizure
Seizure,Partial seizure
Seizure
Seizure
Involuntary movement,Involuntary movement symptom
Myoclonic disorder,Seizure
Myoclonic disorder,Seizure
Myoclonic disorder,Seizure
Femoral neuralgia
Myoclonic disorder
Involuntary movement,Involuntary movement symptom
Disturbance in sleep behavior
Disturbance in sleep behavior,Other sleep stage or arousal dysfunction,Sleep dysfunction with sleep stage disturbance,Sleep dysfunction with arousal disturbance
Vomiting in newborn
Seizure
Subungual hyperkeratosis
Subungual hyperkeratosis
Erythema of skin,Erythematous condition
Congestion of nasal sinus
Seizure
Mass of ear structure
Cyanosis of skin
Joint swelling,Joint effusion of other specified site,Painful swelling of joint
Diffuse inflammation
Erythema of skin,Erythematous condition
Neuropathic pain,Pain finding
Periorbital edema,Spasm of conjugate gaze,Irregular nystagmus,Gaze paretic nystagmus,Postural nystagmus,Spontaneous nystagmus,Body positional nystagmus,Nystagmus produced by neck rotation,Nystagmus enhanced when fixation removed,Nystagmus signs,Elliptical nystagmus
Visual disturbances NOS or amblyopia or blurred vision
Subjective visual disturbance,Visual alteration
Visual alteration
Mass of ear structure
Pale complexion
Pale complexion
Urticarial vasculitis disorder
DWidespread diabetic foot gangrene
Mass of oral cavity
Erythema of skin,Erythematous condition
Erythema of skin,Erythematous condition
Erythema of skin,Erythematous condition
Erythema of skin,Erythematous condition
Erythema of skin,Erythematous condition
Erythema of skin,Erythematous condition
Erythema of skin,Erythematous condition
Erythema of skin,Erythematous condition
Clubbing morphologic abnormality,Clubbing of nail disorder
Koilonychia
Face goes red
Stellate pseudoscar
Perineal lump finding,Mass of male genital structure
Urticarial vasculitis disorder
Pruritus of skin,Itching of skin,Itch of skin,Other specified pruritic conditions disorder
Pruritus of skin,Itching of skin,Itch of skin
Immune complex urticaria
Erythema of skin,Erythematous condition
Erythema of skin,Erythematous condition
Face goes red
Erythema of skin,Erythematous condition
Drug pigmentation
Erythema of skin,Erythematous condition
Stellate pseudoscar
Rhinitis due to alphaadrenergic blocking agent
Pruritus of skin,Itching of skin,Itch of skin
Pain finding
Erythema of skin,Erythematous condition
Edema of lower extremity
Edema of penis
Pruritus of skin,Itching of skin,Itch of skin
Erythema of skin,Erythematous condition
Pruritus of skin,Itching of skin,Itch of skin
Mass of lymphoreticular structure
Thickening of skin
Diffuse inflammation
Dorsalgia
Changes in skin texture
Angina,Ischemic chest pain,Pain finding,Other forms of angina pectoris
Erythema of skin,Erythematous condition
Pain finding
Contact lens related disorder
Diffuse inflammation
Anomaly of divergence
Indigestion finding
Bad taste in mouth,Unpleasant taste in mouth
Loss of sense of smell
Schistosomal pigment deposition
Tuberculous chancre
Visual alteration
Neonatal cyanosis
Paroxysmal hematoma of the finger
Urticaria persistans
Purulent nasal discharge,Purulent rhinitis
Mass of ear structure
Intermittent torticollis
Wry necktorticollis,Spasmodic torticollis disorder
Wry necktorticollis,Intermittent torticollis
Paroxysmal hypertension
Intermittent vomiting
Nausea and vomiting disorder,Uncontrollable vomiting,Intermittent vomiting,Vomiting after gastrointestinal tract surgery,Postoperative nausea
Palatal myoclonus
Edema of uvula
Diarrhea symptom,Loose stool,"Nausea, vomiting and diarrhea",Diarrhea after gastrointestinal tract surgery
Paroxysmal dystonia
Ophthalmoplegia disorder,Smooth pursuit movement deficiency,Deficiency of smooth pursuit movements
Periorbital edema,Edema of oral soft tissues,Gestational edema without hypertension,Edema of newborn,Edema of spinal cord,Edema of oral vestibule
Periorbital edema,Neonatal facial petechiae,Traumatic neonatal facial cyanosis
Acute abdomen,Intraabdominal collection,Pain during inflow of dialysate,Pain during outflow of dialysate,Disorder of umbilicus
Scaphoid abdomen,Ilioinguinal nerve neuralgia,Genitofemoral nerve neuralgia
Ilioinguinal nerve neuralgia,Genitofemoral nerve neuralgia
Paraparesis disorder,Cruralgia,Ilioinguinal nerve neuralgia
Flaccid tetraplegia
Lateral femoral cutaneous neuralgia,Obturator neuralgia,Genitofemoral nerve neuralgia
Saber shin
Chronic progressive paraparesis
Sporotrichotic chancre
Generalized aches and pains finding
Seizure
Angina,Ischemic chest pain,Pain finding
Angina,Ischemic chest pain,Pain finding
Angina,Ischemic chest pain,Pain finding
Angina,Ischemic chest pain,Pain finding
Angina,Ischemic chest pain,Pain finding,Other forms of angina pectoris
Angina,Ischemic chest pain,Pain finding,Other forms of angina pectoris
Seizure
Respiratory distress finding
Subepidermal edema
Angina,Ischemic chest pain,Glossodynia disorder,Neuropathic pain,Pain finding,Injection site pain,Cheilodynia disorder,"Pain due to any device, implant ANDOR graft",Generalized aches and pains finding,Painful legs and moving toes,Pain during inflow of dialysate,Pain during outflow of dialysate,Pain from breast implant,Pain from tissue expander,Rubella arthralgia,Painful arms and moving fingers,Painful hematuria,Polymyalgia,Painful blind eye,Pain at rest due to peripheral vascular disease
Pain finding
Disorder of umbilicus
Headache finding
Headache finding
Headache following lumbar puncture
Headache following lumbar puncture
Reaction to spinal or lumbar puncture disorder
Reaction to spinal or lumbar puncture disorder
Post dural puncture headache
Post dural puncture headache
Dorsalgia,Pain finding,Backache NOS or back pain & low
Mass of female genital structure
Edema of oral vestibule
Pruritus ani
Scalp itchy,Neonatal facial petechiae,Traumatic neonatal facial cyanosis
Pruritus of penis,Burning scrotum,Scrotal pruritus
Paroxysmal hematoma of the finger
Pruritus of skin,Itching of skin,Itch of skin
Low back pain
Urticarial vasculitis disorder
Erythema of skin,Erythematous condition
Koilonychia
Urticarial vasculitis disorder
Immune complex urticaria
Acute edema
Acute edema
Edema of oral soft tissues
Edema of penis
Pruritus of skin,Itching of skin,Itch of skin
Erythema of skin,Erythematous condition
Diarrhea symptom,Loose stool
Sleep automatism
Acute edema
Seizure
Pattern of fever  finding
Constipation disorder
Headache finding
Seizure
Problem with balance,Impairment of balance
Pain finding
Pain finding
Engorgement of breasts
Pain in lower limb finding
Stahlis line
Other and unspecified symbolic dysfunctions,DOther symbolic dysfunction
Painful legs and moving toes,Segmental peripheral neuralgia,Painful arms and moving fingers
Pain finding
Newborn physiological jaundice disorder
Mass of eye structure,Swelling of structure of eye
Blepharospasm disorder,Increased muscle tone,Muscular hypertonicity,Polymyalgia
Hypoproteinemia disorder
Hypoproteinemia disorder
Spasmodic dysmenorrhea
Spasmodic dysmenorrhea
Hypersomnia with sleep apnea
Hypersomnia with sleep apnea
Neuropathic pain
Syncope symptom,Syncope and collapse,Disturbance of consciousness,Vasovagal symptom
Discharge of eye
Nasal congestion,Catarrhal nasal discharge
Smokers cough
Metatarsalgia finding
Temporomandibular joint stiff
Morning sickness
Glossodynia disorder,Glossopyrosis disorder
Pain in the coccyx
Pain finding,Pseudothalamic pain
Weal
Vulval varices in pregnancy
Food intolerance
Amaurosis fugax
Penile warts
Insomnia disorder
Spasmodic dysmenorrhea
Spasmodic dysmenorrhea
Myoclonic disorder
Newborn physiological jaundice disorder
Drop attack
Drop attack
Hypersomnia disorder
Respiration intermittent
Disturbance in sleep behavior
Sore skin finding
Discomfort in mouth
Headache finding
Virilization finding
Virilization finding
Sialectasia
Blepharospasm disorder,Myoclonic disorder,Spasmodic torticollis disorder
Lid lag
Cerebellar ataxia
Congestion of nasal sinus
Erythema of skin
Erythema of skin
Erythematous condition
Erythematous condition
Red eye,Discharge of eye
Weal
Abdominal angina
Abdominal angina
Intestinal angina
Intestinal angina
Weal
Drop attack
Drop attack
Neuropathic pain
Skin sensation disturbance
Other specified visual disturbance NOS,Other specified visual disturbance
Food intolerance
Corneal pigmentations and deposits
Persistent light reaction
CO  cough
Cerebellar ataxia
Corneal pigmentations and deposits
Visual alteration
Toothache finding,Painful tooth socket
Drug pigmentation,Achromia of skin disorder,Malarial pigment deposition
Coordination problem
Injection site hypersensitivity
Subjective visual disturbance,Visual distortions of shape ANDOR size,Micropsia disorder
Visual distortions of shape ANDOR size,Micropsia disorder
Neuropathic pain,Pain finding
Cerebellar ataxia,Coordination problem
Coordination problem
Melanin pigmentation of cornea
Headache finding
Headache finding
Headache finding
Blepharospasm disorder
Seizure
Seizure
Seizure,Spasm finding
Headache finding
Headache finding
Seizure
Seizure
Headache finding
Seizure
Headache finding
Seizure
Myoclonic disorder
Skin sensation disturbance
Constipation disorder
Cramp in foot
Hypersomnia disorder
Hypercapnia disorder
Mass of musculoskeletal structure
Headache finding
Diarrhea symptom,Loose stool
Mass of urinary system structure
Myoclonic disorder
Headache finding
Subjective vertigo
Headache finding
Myoclonic disorder
Anorexia symptom finding,Appetite loss  anorexia
Hyperemesis gravidarum,Morning sickness
Diarrhea symptom,Loose stool
Pain finding
Pain due to knee joint prosthesis
Hypercapnia disorder
Mass of uterine adnexa
Myoclonic disorder
Polyalgia
Toothache finding
Abdominal angina,Intestinal angina
Spasm finding
Seizure
Lump on finger
Snuffles,Nasal discharge,Nasal discharge present
Visual distortions of shape ANDOR size,Micropsia disorder
Decreased muscle tone,Poor muscle tone,Benign congenital hypotonia disorder
Constipation disorder
Oliguria finding
Pain due to shoulder joint prosthesis
Headache finding
Constipation disorder
Loss of memory,Memory loss symptom
Headache finding
Seizure
Benign congenital hypotonia disorder
Hard edema
Trypanosomal chancre
Fluid disturbance
Seizure
Seizure
Myoclonic disorder
Contact lens related disorder
Pitting edema
Umbilical hemorrhage,Umbilical bleeding
Intraabdominal collection
Mass of ear structure,Mass of musculoskeletal structure
DExtrarenal uraemia,DExtrarenal uremia
Mass of respiratory structure
Hypertensive spasm of cardiac sphincter
Lump on thigh
Mass of ear structure
Mass of lower limb
Perineal lump finding,Mass of male genital structure
Mass of trunk
Groin mass
Mass of digestive structure
Mass of ear structure
Mass of digestive structure
Mass of ear structure
Mass of musculoskeletal structure
Pruritus of skin,Itching of skin,Itch of skin
Pruritus of skin,Itching of skin,Itch of skin
Seizure
Mass of cardiovascular structure
Mass of cardiovascular structure
Erythema of skin,Erythematous condition
Purulent nasal discharge,Purulent rhinitis
Mass of eye structure,Swelling of structure of eye
Perianal lump
